Date,Year-Month,Year,Departure Location,Departure GPS,Arrival Location,Arrival GPS,Miles Between Locations,Total Miles Traveled,Total Km Traveled,Notes
1/15/1993,1993-01,1993,"Wichita, US","37.6922361,-97.3375448","Dallas, US","32.77288, -96.807952",340.47,340.47,547.81623,Disney World
1/15/1993,1993-01,1993,"Dallas, US","32.77288, -96.807952","Orlando, US","28.5421109,-81.3790304",960.63,1301.1,2093.4699,
1/22/1993,1993-01,1993,"Orlando, US","28.5421109,-81.3790304","Dallas, US","32.77288, -96.807952",960.63,2261.73,3639.12357,
1/22/1993,1993-01,1993,"Dallas, US","32.77288, -96.807952","Wichita, US","37.6922361,-97.3375448",340.47,2602.2,4186.9398,
2/15/1996,1996-02,1996,"Wichita, US","37.6922361,-97.3375448","Dallas, US","32.77288, -96.807952",340.47,2942.67,4734.75603,Cruise with Family
2/15/1996,1996-02,1996,"Dallas, US","32.77288, -96.807952","Miami, US","25.774173, -80.19362",1109.54,4052.21,6520.00589,
2/17/1996,1996-02,1996,"Miami, US","25.774173, -80.19362","Cozumel, MX","20.4320599,-86.9206906",562.25,4614.46,7424.66614,
2/22/1996,1996-02,1996,"Miami, US","25.774173, -80.19362","Denver, US","39.739236, -104.984862",2064,6678.46,10745.64214,
2/22/1996,1996-02,1996,"Denver, US","39.739236, -104.984862","Wichita, US","37.6922361,-97.3375448",435.92,7114.38,11447.03742,
6/2/2000,2000-06,2000,"Wichita, US","37.6922361,-97.3375448","Denver, US","39.739236, -104.984862",435.92,7550.3,12148.4327,Seattle Joel
6/2/2000,2000-06,2000,"Denver, US","39.739236, -104.984862","Seattle, US","47.6038321,-122.330062",1019.6,8569.9,13788.9691,
6/9/2000,2000-06,2000,"Seattle, US","47.6038321,-122.330062","Denver, US","39.739236, -104.984862",1019.6,9589.5,15429.5055,
6/9/2000,2000-06,2000,"Denver, US","39.739236, -104.984862","39.739236, -104.984862","37.6922361,-97.3375448",435.92,10025.42,16130.90078,
3/1/2005,2005-03,2005,"Kansas City, US","39.100105,-94.5781416","Austin, US","30.2711286,-97.7436995",636.29,10661.71,17154.69139,WMC Billy
3/1/2005,2005-03,2005,"Austin, US","30.2711286,-97.7436995","Jacksonville, US","30.3321838,-81.655651",959.09,11620.8,18697.8672,
3/4/2005,2005-03,2005,"Jacksonville, US","30.3321838,-81.655651","Miami, US","25.774173, -80.19362",326.92,11947.72,19223.88148,
3/9/2005,2005-03,2005,"Miami, US","25.774173, -80.19362","Jacksonville, US","30.3321838,-81.655651",326.92,12274.64,19749.89576,
3/12/2005,2005-03,2005,"Jacksonville, US","30.3321838,-81.655651","Dallas, US","32.77288, -96.807952",906.51,13181.15,21208.47035,
3/12/2005,2005-03,2005,"Dallas, US","32.77288, -96.807952","Kansas City, US","39.100105,-94.5781416",454.03,13635.18,21939.00462,
8/3/2006,2006-08,2006,"Kansas City, US","39.100105,-94.5781416","Atlanta, US","33.7489924,-84.3902644",675.68,14310.86,23026.17374,Peru
8/3/2006,2006-08,2006,"Atlanta, US","33.7489924,-84.3902644","Miami, US","25.774173, -80.19362",619.35,14930.21,24022.70789,
8/4/2006,2006-08,2006,"Miami, US","25.774173, -80.19362","Lima, PE","-12.0621065,-77.0365256",2619,17549.21,28236.67889,
8/5/2006,2006-08,2006,"Lima, PE","-12.0621065,-77.0365256","Iquitos, PE","-3.749365,-73.2444145",632.2,18181.41,29253.88869,
8/18/2006,2006-08,2006,"Iquitos, PE","-3.749365,-73.2444145","Lima, PE","-12.0621065,-77.0365256",632.2,18813.61,30271.09849,
8/20/2006,2006-08,2006,"Lima, PE","-12.0621065,-77.0365256","Cuzco, PE","-13.5170887,-71.9785356",356,19169.61,30843.90249,
8/24/2006,2006-08,2006,"Cuzco, PE","-13.5170887,-71.9785356","Lima, PE","-12.0621065,-77.0365256",356,19525.61,31416.70649,
8/26/2006,2006-08,2006,"Lima, PE","-12.0621065,-77.0365256","Miami, US","25.774173, -80.19362",2619,22144.61,35630.67749,
8/27/2006,2006-08,2006,"Miami, US","25.774173, -80.19362",Dallas. US,"32.77288, -96.807952",1105.26,23249.87,37409.04083,
8/27/2006,2006-08,2006,Dallas. US,"32.77288, -96.807952","Kansas City, US","39.100105,-94.5781416",454.03,23703.9,38139.5751,
12/1/2006,2006-12,2006,"Kansas City, US","39.100105,-94.5781416","Newark, US","40.735657, -74.172367",1084.69,24788.59,39884.84131,Amsterdam
12/2/2006,2006-12,2006,"Newark, US","40.735657, -74.172367","Amsterdam, NL","52.3730796,4.8924534",3648.35,28436.94,45755.03646,
12/6/2006,2006-12,2006,"Amsterdam, NL","52.3730796,4.8924534","Washington DC, US","38.8950368,-77.0365427",3845.6,32282.54,51942.60686,
12/7/2006,2006-12,2006,"Washington DC, US","38.8950368,-77.0365427","Kansas City, US","39.100105,-94.5781416",941.52,33224.06,53457.51254,
5/7/2007,2007-05,2007,"Kansas City, US","39.100105,-94.5781416","Denver, US","39.739236, -104.984862",556.88,33780.94,54353.53246,SF Hailey
5/7/2007,2007-05,2007,"Denver, US","39.739236, -104.984862","San Francisco, US","37.779259, -122.419329",947.53,34728.47,55878.10823,
5/14/2007,2007-05,2007,"San Francisco, US","37.779259, -122.419329","Denver, US","39.739236, -104.984862",947.53,35676,57402.684,
5/14/2007,2007-05,2007,"Denver, US","39.739236, -104.984862","Kansas City, US","39.100105,-94.5781416",556.88,36232.88,58298.70392,
12/20/2008,2008-12,2008,"Wichita, US","37.6922361,-97.3375448","Denver, US","39.739236, -104.984862",435.92,36668.8,59000.0992,
12/20/2008,2008-12,2008,"Denver, US","39.739236, -104.984862","San Francisco, US","37.779259, -122.419329",947.53,37616.33,60524.67497,
12/26/2008,2008-12,2008,"San Francisco, US","37.779259, -122.419329","Denver, US","39.739236, -104.984862",947.53,38563.86,62049.25074,
12/26/2008,2008-12,2008,"Denver, US","39.739236, -104.984862","Wichita, US","37.6922361,-97.3375448",435.92,38999.78,62750.64602,
9/10/2008,2008-09,2008,"San Francisco, US","37.779259, -122.419329","Los Angeles, US","33.804451,-118.0154714",347.72,39347.5,63310.1275,Yapstone training
9/17/2008,2008-09,2008,"Los Angeles, US","33.804451,-118.0154714","San Francisco, US","37.779259, -122.419329",347.72,39695.22,63869.60898,
5/7/2009,2009-05,2009,"San Francisco, US","37.779259, -122.419329","Denver, US","39.739236, -104.984862",947.53,40642.75,65394.18475,Sara visit?
5/7/2009,2009-05,2009,"Denver, US","39.739236, -104.984862","Kansas City, US","39.100105,-94.5781416",556.88,41199.63,66290.20467,
5/14/2009,2009-05,2009,"Kansas City, US","39.100105,-94.5781416","Denver, US","39.739236, -104.984862",556.88,41756.51,67186.22459,
5/14/2009,2009-05,2009,"Denver, US","39.739236, -104.984862","San Francisco, US","37.779259, -122.419329",947.53,42704.04,68710.80036,
12/20/2009,2009-12,2009,"San Francisco, US","37.779259, -122.419329","Denver, US","39.739236, -104.984862",947.53,43651.57,70235.37613,Christmas
12/20/2009,2009-12,2009,"Denver, US","39.739236, -104.984862","Wichita, US","37.6922361,-97.3375448",435.92,44087.49,70936.77141,
12/26/2009,2009-12,2009,"Wichita, US","37.6922361,-97.3375448","Denver, US","39.739236, -104.984862",435.92,44523.41,71638.16669,
12/26/2009,2009-12,2009,"Denver, US","39.739236, -104.984862","San Francisco, US","37.779259, -122.419329",947.53,45470.94,73162.74246,
12/20/2010,2010-12,2010,"San Francisco, US","37.779259, -122.419329","Dallas, US","32.77288, -96.807952",1480.97,46951.91,75545.62319,Christmas
12/20/2010,2010-12,2010,"Dallas, US","32.77288, -96.807952","Wichita, US","37.6922361,-97.3375448",340.47,47292.38,76093.43942,
12/26/2010,2010-12,2010,"Wichita, US","37.6922361,-97.3375448","Denver, US","39.739236, -104.984862",435.92,47728.3,76794.8347,
12/26/2010,2010-12,2010,"Denver, US","39.739236, -104.984862","San Francisco, US","37.779259, -122.419329",947.53,48675.83,78319.41047,
4/1/2011,2011-04,2011,"San Francisco, US","37.779259, -122.419329","Singapore, SG","1.357107,103.8194992",6004.32,54680.15,87980.36135,India
4/2/2011,2011-04,2011,"Singapore, SG","1.357107,103.8194992","Bangalore, IN","12.9767936,77.590082",1970.85,56651,91151.459,
4/14/2011,2011-04,2011,"Bangalore, IN","12.9767936,77.590082","Goa, IN","15.3004543,74.0855134",305.21,56956.21,91642.54189,
4/18/2011,2011-04,2011,"Goa, IN","15.3004543,74.0855134","Bangalore, IN","12.9767936,77.590082",305.21,57261.42,92133.62478,
4/28/2011,2011-04,2011,"Bangalore, IN","12.9767936,77.590082","Singapore, SG","1.357107,103.8194992",1970.85,59232.27,95304.72243,
4/29/2011,2011-04,2011,"Singapore, SG","1.357107,103.8194992","San Francisco, US","37.779259, -122.419329",6004.32,65236.59,104965.6733,
8/10/2011,2011-08,2011,"San Francisco, US","37.779259, -122.419329","Los Angeles, US","33.804451,-118.0154714",347.72,65584.31,105525.1548,Yapstone
8/17/2011,2011-08,2011,"Los Angeles, US","33.804451,-118.0154714","San Francisco, US","37.779259, -122.419329",347.72,65932.03,106084.6363,
12/20/2011,2011-12,2011,"San Francisco, US","37.779259, -122.419329","Dallas, US","32.77288, -96.807952",1480.97,67413,108467.517,Christmas
12/20/2011,2011-12,2011,"Dallas, US","32.77288, -96.807952","Wichita, US","37.6922361,-97.3375448",340.47,67753.47,109015.3332,
12/26/2011,2011-12,2011,"Wichita, US","37.6922361,-97.3375448","Denver, US","39.739236, -104.984862",435.92,68189.39,109716.7285,
12/26/2011,2011-12,2011,"Denver, US","39.739236, -104.984862","San Francisco, US","37.779259, -122.419329",947.53,69136.92,111241.3043,
5/5/2012,2012-05,2012,"San Francisco, US","37.779259, -122.419329","Austin, US","30.2711286,-97.7436995",1499.83,70636.75,113654.5308,HomeAway
5/10/2012,2012-05,2012,"Austin, US","30.2711286,-97.7436995","San Francisco, US","37.779259, -122.419329",1499.83,72136.58,116067.7572,
8/31/2012,2012-08,2012,"San Francisco, US","37.779259, -122.419329","Beijing, CN","39.9057136,116.3912972",5904.04,78040.62,125567.3576,Yuan China
9/1/2012,2012-09,2012,"Beijing, CN","39.9057136,116.3912972","Wuhan, CN","30.5951051,114.2999353",656.85,78697.47,126624.2292,
9/2/2012,2012-09,2012,"Wuhan, CN","30.5951051,114.2999353","Urumqi, CN","43.419754,87.319461",1719.6,80417.07,129391.0656,
9/3/2012,2012-09,2012,"Urumqi, CN","43.419754,87.319461","Guangzhou Baiyun, CN","23.3920026,113.3011824",2043.7,82460.77,132679.3789,
9/12/2012,2012-09,2012,"Guangzhou Baiyun, CN","23.3920026,113.3011824","Beijing, CN","39.9057136,116.3912972",1174.83,83635.6,134569.6804,
9/14/2012,2012-09,2012,"Beijing, CN","39.9057136,116.3912972","San Francisco, US","37.779259, -122.419329",5904.04,89539.64,144069.2808,
12/20/2012,2012-12,2012,"San Francisco, US","37.779259, -122.419329","Dallas, US","32.77288, -96.807952",1480.97,91020.61,146452.1615,Christmas
12/20/2012,2012-12,2012,"Dallas, US","32.77288, -96.807952","Wichita, US","37.6922361,-97.3375448",340.47,91361.08,146999.9777,
12/26/2012,2012-12,2012,"Wichita, US","37.6922361,-97.3375448","Denver, US","39.739236, -104.984862",435.92,91797,147701.373,
12/26/2012,2012-12,2012,"Denver, US","39.739236, -104.984862","San Francisco, US","37.779259, -122.419329",947.53,92744.53,149225.9488,
4/10/2013,2013-04,2013,"San Francisco, US","37.779259, -122.419329","Los Angeles, US","33.804451,-118.0154714",347.72,93092.25,149785.4303,Yapstone
4/17/2013,2013-04,2013,"Los Angeles, US","33.804451,-118.0154714","San Francisco, US","37.779259, -122.419329",347.72,93439.97,150344.9117,
7/5/2013,2013-07,2013,"San Francisco, US","37.779259, -122.419329","Dallas, US","32.77288, -96.807952",1480.97,94920.94,152727.7925,Mexico Yuan
7/5/2013,2013-07,2013,"Dallas, US","32.77288, -96.807952","Cancun, MX","21.1618955,-86.8514988",1008.53,95929.47,154350.5172,
7/11/2013,2013-07,2013,"Cancun, MX","21.1618955,-86.8514988","Denver, US","39.739236, -104.984862",1670.72,97600.19,157038.7057,
7/11/2013,2013-07,2013,"Denver, US","39.739236, -104.984862","San Francisco, US","37.779259, -122.419329",947.53,98547.72,158563.2815,
11/10/2013,2013-11,2013,"San Francisco, US","37.779259, -122.419329","Dallas, US","32.77288, -96.807952",1480.97,100028.69,160946.1622,Grandpa L funeral
11/10/2013,2013-11,2013,"Dallas, US","32.77288, -96.807952","Wichita, US","37.6922361,-97.3375448",340.47,100369.16,161493.9784,
11/14/2013,2013-11,2013,"Wichita, US","37.6922361,-97.3375448","Denver, US","39.739236, -104.984862",435.92,100805.08,162195.3737,
11/14/2013,2013-11,2013,"Denver, US","39.739236, -104.984862","San Francisco, US","37.779259, -122.419329",947.53,101752.61,163719.9495,
12/20/2013,2013-12,2013,"San Francisco, US","37.779259, -122.419329","Dallas, US","32.77288, -96.807952",1480.97,103233.58,166102.8302,Christmas
12/20/2013,2013-12,2013,"Dallas, US","32.77288, -96.807952","Wichita, US","37.6922361,-97.3375448",340.47,103574.05,166650.6465,
12/26/2013,2013-12,2013,"Wichita, US","37.6922361,-97.3375448","Denver, US","39.739236, -104.984862",435.92,104009.97,167352.0417,
12/26/2013,2013-12,2013,"Denver, US","39.739236, -104.984862","San Francisco, US","37.779259, -122.419329",947.53,104957.5,168876.6175,
9/7/2014,2014-09,2014,"San Francisco, US","37.779259, -122.419329","Denver, US","39.739236, -104.984862",947.53,105905.03,170401.1933,Sara
9/7/2014,2014-09,2014,"Denver, US","39.739236, -104.984862","Kansas City, US","39.100105,-94.5781416",556.88,106461.91,171297.2132,
9/12/2014,2014-09,2014,"Kansas City, US","39.100105,-94.5781416","Denver, US","39.739236, -104.984862",556.88,107018.79,172193.2331,
9/12/2014,2014-09,2014,"Denver, US","39.739236, -104.984862","San Francisco, US","37.779259, -122.419329",947.53,107966.32,173717.8089,
12/20/2014,2014-12,2014,"San Francisco, US","37.779259, -122.419329","Dallas, US","32.77288, -96.807952",1480.97,109447.29,176100.6896,Christmas
12/20/2014,2014-12,2014,"Dallas, US","32.77288, -96.807952","Wichita, US","37.6922361,-97.3375448",340.47,109787.76,176648.5058,
12/26/2014,2014-12,2014,"Wichita, US","37.6922361,-97.3375448","Denver, US","39.739236, -104.984862",435.92,110223.68,177349.9011,
12/26/2014,2014-12,2014,"Denver, US","39.739236, -104.984862","San Francisco, US","37.779259, -122.419329",947.53,111171.21,178874.4769,
1/15/2015,2015-01,2015,"Wichita, US","37.6922361,-97.3375448","St. Louis, US","38.6280278,-90.1910154",392.99,111564.2,179506.7978,Cruise with Family
1/15/2015,2015-01,2015,"St. Louis, US","38.6280278,-90.1910154","Miami, US","25.774173, -80.19362",1061.94,112626.14,181215.4593,
1/16/2015,2015-01,2015,"Miami, US","25.774173, -80.19362","Cozumel, MX","20.4320599,-86.9206906",562.25,113188.39,182120.1195,
1/20/15,2015-01,2015,"Cozumel, MX","20.4320599,-86.9206906","Miami, US","25.774173, -80.19362",562.25,113750.64,183024.7798,
1/22/2015,2015-01,2015,"Miami, US","25.774173, -80.19362","Dallas, US","32.77288, -96.807952",1109.54,114860.18,184810.0296,
1/22/2015,2015-01,2015,"Dallas, US","32.77288, -96.807952","Wichita, US","37.6922361,-97.3375448",340.47,115200.65,185357.8459,
5/5/2015,2015-05,2015,"San Francisco, US","37.779259, -122.419329","Newark, US","40.735657, -74.172367",2556.71,117757.36,189471.5922,Nexis / Billy
5/10/2015,2015-05,2015,"Newark, US","40.735657, -74.172367","San Francisco, US","37.779259, -122.419329",2556.71,120314.07,193585.3386,
8/10/2015,2015-08,2015,"San Francisco, US","37.779259, -122.419329","Dallas, US","32.77288, -96.807952",1480.97,121795.04,195968.2194,Grandpa O funeral
8/10/2015,2015-08,2015,"Dallas, US","32.77288, -96.807952","Wichita, US","37.6922361,-97.3375448",340.47,122135.51,196516.0356,
8/15/2015,2015-08,2015,"Wichita, US","37.6922361,-97.3375448","Denver, US","39.739236, -104.984862",435.92,122571.43,197217.4309,
8/15/2015,2015-08,2015,"Denver, US","39.739236, -104.984862","San Francisco, US","37.779259, -122.419329",947.53,123518.96,198742.0066,
10/20/2015,2015-10,2015,"San Francisco, US","37.779259, -122.419329","Las Vegas, US","36.1672559,-115.148516",416.83,123935.79,199412.6861,Money 2020
10/24/2015,2015-10,2015,"Las Vegas, US","36.1672559,-115.148516","San Francisco, US","37.779259, -122.419329",416.83,124352.62,200083.3656,
12/20/2015,2015-12,2015,"San Francisco, US","37.779259, -122.419329","Dallas, US","32.77288, -96.807952",1480.97,125833.59,202466.2463,Christmas
12/20/2015,2015-12,2015,"Dallas, US","32.77288, -96.807952","Wichita, US","37.6922361,-97.3375448",340.47,126174.06,203014.0625,
12/26/2015,2015-12,2015,"Wichita, US","37.6922361,-97.3375448","Denver, US","39.739236, -104.984862",435.92,126609.98,203715.4578,
12/26/2015,2015-12,2015,"Denver, US","39.739236, -104.984862","San Francisco, US","37.779259, -122.419329",947.53,127557.51,205240.0336,
6/6/2016,2016-06,2016,"San Francisco, US","37.779259, -122.419329","New York City, US","40.7127281,-74.0060152",2565.55,130123.06,209368.0035,"Klarna, Visit Billy"
6/12/2016,2016-06,2016,"New York City, US","40.7127281,-74.0060152","San Francisco, US","37.779259, -122.419329",2565.55,132688.61,213495.9735,
8/5/2016,2016-08,2016,"San Francisco, US","37.779259, -122.419329","Austin, US","30.2711286,-97.7436995",1499.83,134188.44,215909.2,MasterCard in Austin
8/10/2016,2016-08,2016,"Austin, US","30.2711286,-97.7436995","San Francisco, US","37.779259, -122.419329",1499.83,135688.27,218322.4264,
10/20/2016,2016-10,2016,"San Francisco, US","37.779259, -122.419329","Las Vegas, US","36.1672559,-115.148516",416.83,136105.1,218993.1059,Money 2020
10/24/2016,2016-10,2016,"Las Vegas, US","36.1672559,-115.148516","San Francisco, US","37.779259, -122.419329",416.83,136521.93,219663.7854,
12/20/2016,2016-12,2016,"San Francisco, US","37.779259, -122.419329","Dallas, US","32.77288, -96.807952",1480.97,138002.9,222046.6661,Christmas
12/20/2016,2016-12,2016,"Dallas, US","32.77288, -96.807952","Wichita, US","37.6922361,-97.3375448",340.47,138343.37,222594.4823,
12/26/2016,2016-12,2016,"Wichita, US","37.6922361,-97.3375448","Denver, US","39.739236, -104.984862",435.92,138779.29,223295.8776,
12/26/2016,2016-12,2016,"Denver, US","39.739236, -104.984862","San Francisco, US","37.779259, -122.419329",947.53,139726.82,224820.4534,
4/4/2017,2017-04,2017,"San Francisco, US","37.779259, -122.419329","Dallas, US","32.77288, -96.807952",1480.97,141207.79,227203.3341,Grandma L funeral
4/4/2017,2017-04,2017,"Dallas, US","32.77288, -96.807952","Wichita, US","37.6922361,-97.3375448",340.47,141548.26,227751.1503,
4/7/2017,2017-04,2017,"Wichita, US","37.6922361,-97.3375448","Denver, US","39.739236, -104.984862",435.92,141984.18,228452.5456,
4/7/2017,2017-04,2017,"Denver, US","39.739236, -104.984862","San Francisco, US","37.779259, -122.419329",947.53,142931.71,229977.1214,
7/22/17,2017-07,2017,"San Francisco, US","37.779259, -122.419329","Minneapolis, US","44.9773, -93.265469",1581.25,144512.96,232521.3526,
7/22/17,2017-07,2017,"Minneapolis, US","44.9773, -93.265469","Frankfurt, DE","50.110644, 8.682092",4377.43,148890.39,239564.6375,
7/23/17,2017-07,2017,"Frankfurt, DE","50.110644, 8.682092","Brussels, BE","50.846557, 4.351697",196.74,149087.13,239881.1922,
7/27/17,2017-07,2017,"Brussels, BE","50.846557, 4.351697","Amsterdam, NL","52.37308, 4.892453",108.02,149195.15,240054.9964,
7/27/17,2017-07,2017,"Amsterdam, NL","52.37308, 4.892453","Brussels, BE","50.846557, 4.351697",108.02,149303.17,240228.8005,
7/28/17,2017-07,2017,"Brussels, BE","50.846557, 4.351697","Berlin, DE","52.517037, 13.38886",404.56,149707.73,240879.7376,
7/31/17,2017-07,2017,"Berlin, DE","52.517037, 13.38886","Prague, CZ","50.087465, 14.421254",173.83,149881.56,241159.43,
8/6/17,2017-08,2017,"Prague, CZ","50.087465, 14.421254","Paris, FR","48.85889, 2.320041",547.91,150429.47,242041.0172,
8/8/17,2017-08,2017,"Paris, FR","48.85889, 2.320041","Berlin, DE","52.517037, 13.38886",545.61,150975.08,242918.9037,
8/8/17,2017-08,2017,"Berlin, DE","52.517037, 13.38886","Toronto, CA","43.653482, -79.383935",4024.05,154999.13,249393.6002,
8/9/17,2017-08,2017,"Toronto, CA","43.653482, -79.383935","San Francisco, US","37.779259, -122.419329",2264.11,157263.24,253036.5532,
10/23/17,2017-10,2017,"San Francisco, US","37.779259, -122.419329","Las Vegas, US","36.167256, -115.148516",416.83,157680.07,253707.2326,Money2020
10/26/17,2017-10,2017,"Las Vegas, US","36.167256, -115.148516","San Francisco, US","37.779259, -122.419329",416.83,158096.9,254377.9121,
12/20/17,2017-12,2017,"San Francisco, US","37.779259, -122.419329","Houston, US","29.758938, -95.367697",1642.43,159739.33,257020.582,
12/20/17,2017-12,2017,"Houston,US","29.758938, -95.367697","Wichita, US","37.6922361,-97.3375448",340.48,160079.81,257568.4143,Christmas
12/25/17,2017-12,2017,"Wichita, US","41.875562, -87.624421","Denver, CO","39.739236, 104.984862",538.93,160618.74,258435.5527,
12/25/17,2017-12,2017,"Denver, US","39.739236, 104.984862","San Francisco, US","41.875562, -87.624421",947.53,161566.27,259960.1284,
5/6/18,2018-05,2018,"San Francisco, US","37.779259, -122.419329","Istanbul, TR","41.006381, 28.975872",6700.82,168267.09,270741.7478,
5/7/18,2018-05,2018,"Istanbul, TR","41.006381, 28.975872","Berlin, DE","52.517037, 13.38886",1079.44,169346.53,272478.5668,
5/9/18,2018-05,2018,"Berlin, DE","52.517037, 13.38886","London, UK","51.507446, -0.127765",579.17,169925.7,273410.4513,
5/13/18,2018-05,2018,"London, UK","51.507446, -0.127765","Toulouse, FR","43.604462, 1.444247",550.43,170476.13,274296.0932,Santander visit
5/14/18,2018-05,2018,"Toulouse, FR","43.604462, 1.444247","Lisbon, PT","38.707751, -9.136592",645.32,171121.45,275334.4131,Customer meeting
5/17/18,2018-05,2018,"Lisbon, PT","38.707751, -9.136592","Boston, US","42.355433, -71.060511",3188.87,174310.32,280465.3049,
5/17/18,2018-05,2018,"Boston, US","42.355433, -71.060511","San Francisco, US","37.779259, -122.419329",2692.74,177003.06,284797.9235,
6/1/18,2018-06,2018,"San Francisco, US","37.779259, -122.419329","Seattle, US","47.603832, -122.330062",678.73,177681.79,285890.0001,
6/1/18,2018-06,2018,"Seattle, US","47.603832, -122.330062","Amsterdam, NL","52.37308, 4.892453",4862.33,182544.12,293713.4891,
6/9/18,2018-06,2018,"Amsterdam, NL","52.37308, 4.892453","Detroit, US","42.331551, -83.04664",3914.86,186458.98,300012.4988,
6/9/18,2018-06,2018,"Detroit, US","42.331551, -83.04664","San Francisco, US","37.779259, -122.419329",2086.91,188545.89,303370.337,
6/19/18,2018-06,2018,"San Francisco, US","37.779259, -122.419329","New York City, US","40.712728, -74.006015",2565.55,191111.44,307498.307,
6/19/18,2018-06,2018,"New York City, US","40.712728, -74.006015","Washington DC, US","38.895037, -77.036543",203.46,191314.9,307825.6741,
6/20/18,2018-06,2018,"Washington DC, US","38.895037, -77.036543","Minneapolis, US","44.9773, -93.265469",932.52,192247.42,309326.0988,
6/21/18,2018-06,2018,"Minneapolis, US","44.9773, -93.265469","San Francisco, US","37.779259, -122.419329",1581.25,193828.67,311870.33,
7/7/18,2018-07,2018,"San Francisco, US","37.779259, -122.419329","Istanbul, TR","41.006381, 28.975872",6700.82,200529.49,322651.9494,
7/8/18,2018-07,2018,"Istanbul, TR","41.006381, 28.975872","Berlin, DE","52.517037, 13.38886",1079.44,201608.93,324388.7684,
7/10/18,2018-07,2018,"Berlin, DE","52.517037, 13.38886","Munich, DE","48.137108, 11.575382",313.48,201922.41,324893.1577,
7/10/18,2018-07,2018,"Munich, DE","48.137108, 11.575382","Brussels, BE","50.846557, 4.351697",374.05,202296.46,325495.0041,Hair
7/15/18,2018-07,2018,"Brussels, BE","50.846557, 4.351697","Zurich, CH","47.374449, 8.541042",305.65,202602.11,325986.795,
7/18/18,2018-07,2018,"Zurich, CH","47.374449, 8.541042","Milan, IT","45.464194, 9.189635",135.24,202737.35,326204.3962,
7/20/18,2018-07,2018,"Milan, IT","45.464194, 9.189635","Rome, IT","41.89332, 12.482932",296.99,203034.34,326682.2531,Holiday
7/24/18,2018-07,2018,"Rome, IT","41.89332, 12.482932","Barcelona, ES","41.382894, 2.177432",533.92,203568.26,327541.3303,
7/24/18,2018-07,2018,"Barcelona, ES","41.382894, 2.177432","Lisbon, PT","38.707751, -9.136592",625.46,204193.72,328547.6955,
7/25/18,2018-07,2018,"Lisbon, PT","38.707751, -9.136592","Castelo Branco, PT","39.976758, -7.44606",116.99,204310.71,328735.9324,Boom festival
7/29/18,2018-07,2018,"Castelo Branco, PT","39.976758, -7.44606","Madrid, ES","40.416705, -3.703582",204.45,204515.16,329064.8924,
8/1/18,2018-08,2018,"Madrid, ES","40.416705, -3.703582","Prague, CZ","50.087465, 14.421254",1101.19,205616.35,330836.7072,Let It Roll
8/6/18,2018-08,2018,"Prague, CZ","50.087465, 14.421254","Frankfurt, DE","50.110644, 8.682092",254.38,205870.73,331246.0046,
8/6/18,2018-08,2018,"Frankfurt, DE","50.110644, 8.682092","Reykjavik, IS","64.145981, -21.942237",1477.63,207348.36,333623.5112,
8/6/18,2018-08,2018,"Reykjavik, IS","64.145981, -21.942237","San Francisco, US","37.779259, -122.419329",4197.32,211545.68,340376.9991,
9/14/18,2018-09,2018,"San Francisco, US","37.779259, -122.419329","New York City, US","40.712728, -74.006015",2565.55,214111.23,344504.9691,
9/19/18,2018-09,2018,"New York City, US","40.712728, -74.006015","San Francisco, US","37.779259, -122.419329",2565.55,216676.78,348632.939,
9/30/18,2018-09,2018,"San Francisco, US","37.779259, -122.419329","Austin, US","30.271129, -97.743699",1499.83,218176.61,351046.1655,
10/3/18,2018-10,2018,"Austin, US","30.271129, -97.743699","San Francisco, US","37.779259, -122.419329",1499.83,219676.44,353459.392,
10/24/18,2018-10,2018,"San Francisco, US","37.779259, -122.419329","Las Vegas, US","36.167256, -115.148516",416.83,220093.27,354130.0714,
10/28/18,2018-10,2018,"Las Vegas, US","36.167256, -115.148516","San Francisco, US","37.779259, -122.419329",416.83,220510.1,354800.7509,
11/14/18,2018-11,2018,"San Francisco, US","37.779259, -122.419329","Raleigh, NC","35.780398, -78.639099",2404.42,222914.52,358669.4627,Live Oaks visit
11/15/18,2018-11,2018,"Raleigh, NC","35.780398, -78.639099","San Francisco, US","37.779259, -122.419329",2404.42,225318.94,362538.1745,
12/11/18,2018-12,2018,"Berlin, DE","52.517037, 13.38886","London, UK","51.507446, -0.127765",579.17,225898.11,363470.059,
12/18/18,2018-12,2018,"San Francisco, US","37.779259, -122.419329","Wichita, US","41.875562, -87.624421",1362.84,227260.95,365662.8686,Christmas
12/25/18,2018-12,2018,"Wichita, TX","37.6922361,-97.3375448","Denver, CO","39.739236, 104.984862",538.93,227799.88,366530.0069,
12/25/18,2018-12,2018,"Denver, CO","39.739236, 104.984862","San Francisco, US","37.779259, -122.419329",538.93,228338.81,367397.1453,
1/10/19,2019-01,2019,"San Francisco, US","37.779259, -122.419329","Los Angeles, US","34.053691, -118.242766",347.72,228686.53,367956.6268,
1/10/19,2019-01,2019,"Los Angeles, US","34.053691, -118.242766","San Francisco, US","37.779259, -122.419329",347.72,229034.25,368516.1083,
1/10/19,2019-01,2019,"San Francisco, US","37.779259, -122.419329","New York City, US","40.712728, -74.006015",2565.55,231599.8,372644.0782,
1/11/19,2019-01,2019,"New York City, US","40.712728, -74.006015","San Francisco, US","37.779259, -122.419329",2565.55,234165.35,376772.0482,
1/15/19,2019-01,2019,"San Francisco, US","37.779259, -122.419329","Singapore, SG","1.357107, 103.819499",8441.09,242606.44,390353.762,Visa Innovation
1/18/19,2019-01,2019,"Singapore, SG","1.357107, 103.819499","San Francisco, US","37.779259, -122.419329",8441.09,251047.53,403935.4758,
1/21/19,2019-01,2019,"San Francisco, US","37.779259, -122.419329","Reykjavik, IS","64.145981, -21.942237",4197.32,255244.85,410688.9637,
1/22/19,2019-01,2019,"Reykjavik, IS","64.145981, -21.942237","Berlin, DE","52.517037, 13.38886",1483.9,256728.75,413076.5588,
2/27/19,2019-02,2019,"Berlin, DE","52.517037, 13.38886","London, UK","51.507446, -0.127765",579.17,257307.92,414008.4433,
3/1/19,2019-03,2019,"London, UK","51.507446, -0.127765","Berlin, DE","52.517037, 13.38886",579.17,257887.09,414940.3278,
3/12/19,2019-03,2019,"Berlin, DE","52.517037, 13.38886","Sydney, AU","-33.869844, 151.208285",10000.37,267887.46,431030.9231,
3/16/19,2019-03,2019,"Sydney, AU","-33.869844, 151.208285","Singapore, SG","1.357107, 103.819499",3913.97,271801.43,437328.5009,Visa Innovation
3/21/19,2019-03,2019,"Singapore, SG","1.357107, 103.819499","Berlin, DE","52.517037, 13.38886",6166.13,277967.56,447249.804,
5/5/19,2019-05,2019,"Berlin, DE","52.517037, 13.38886","London, UK","51.507446, -0.127765",579.17,278546.73,448181.6886,
5/5/19,2019-05,2019,"London, UK","51.507446, -0.127765","Singapore, SG","1.357107, 103.819499",6745.28,285292.01,459034.8441,
5/9/19,2019-05,2019,"Singapore, SG","1.357107, 103.819499","London, UK","51.507446, -0.127765",6745.28,292037.29,469887.9996,
5/10/19,2019-05,2019,"London, UK","51.507446, -0.127765","Berlin, DE","52.517037, 13.38886",579.17,292616.46,470819.8841,
5/19/19,2019-05,2019,"Berlin, DE","52.517037, 13.38886","Paris, FR","48.85889, 2.320041",545.61,293162.07,471697.7706,
5/20/19,2019-05,2019,"Paris, FR","48.85889, 2.320041","Sao Paulo, BR","-23.550651, -46.633382",5842.08,299004.15,481097.6774,Uber/market entry
5/25/19,2019-05,2019,"Sao Paulo, BR","-23.550651, -46.633382","Paris, FR","48.85889, 2.320041",5842.08,304846.23,490497.5841,
5/25/19,2019-05,2019,"Paris, FR","48.85889, 2.320041","Berlin, DE","52.517037, 13.38886",545.61,305391.84,491375.4706,
5/27/19,2019-05,2019,"Berlin, DE","52.517037, 13.38886","Madrid, ES","40.416705, -3.703582",1161.69,306553.53,493244.6298,
5/29/19,2019-05,2019,"Madrid, ES","40.416705, -3.703582","London, UK","51.507446, -0.127765",784.55,307338.08,494506.9707,
5/31/19,2019-05,2019,"London, UK","51.507446, -0.127765","Berlin, DE","52.517037, 13.38886",579.17,307917.25,495438.8553,
6/2/19,2019-06,2019,"Berlin, DE","52.517037, 13.38886","Amsterdam, NL","52.37308, 4.892453",358.76,308276.01,496016.1001,
6/5/19,2019-06,2019,"Amsterdam, NL","52.37308, 4.892453","Berlin, DE","52.517037, 13.38886",358.76,308634.77,496593.3449,
6/9/19,2019-06,2019,"Berlin, DE","52.517037, 13.38886","Philadelphia, US","39.952724, -75.163526",4048.08,312682.85,503106.7057,
6/9/19,2019-06,2019,"Philadelphia, US","39.952724, -75.163526","San Francisco, US","37.779259, -122.419329",2516.72,315199.57,507156.1081,
6/14/19,2019-06,2019,"San Francisco, US","37.779259, -122.419329","Philadelphia, US","39.952724, -75.163526",2516.72,317716.29,511205.5106,
6/14/19,2019-06,2019,"Philadelphia, US","39.952724, -75.163526","Berlin, DE","52.517037, 13.38886",4048.08,321764.37,517718.8713,
7/1/19,2019-07,2019,"Berlin, DE","52.517037, 13.38886","Amsterdam, NL","52.37308, 4.892453",358.76,322123.13,518296.1162,
7/1/19,2019-07,2019,"Amsterdam, NL","52.37308, 4.892453","Berlin, DE","52.517037, 13.38886",358.76,322481.89,518873.361,
7/7/19,2019-07,2019,"Berlin, DE","52.517037, 13.38886","London, UK","51.507446, -0.127765",579.17,323061.06,519805.2455,
7/7/19,2019-07,2019,"London, UK","51.507446, -0.127765","Singapore, SG","1.357107, 103.819499",6745.28,329806.34,530658.4011,
7/10/19,2019-07,2019,"Singapore, SG","1.357107, 103.819499","London, UK","51.507446, -0.127765",6745.28,336551.62,541511.5566,
7/11/19,2019-07,2019,"London, UK","51.507446, -0.127765","Berlin, DE","52.517037, 13.38886",579.17,337130.79,542443.4411,
7/24/19,2019-07,2019,"Berlin, DE","52.517037, 13.38886","London, UK","51.507446, -0.127765",579.17,337709.96,543375.3256,
7/27/19,2019-07,2019,"London, UK","51.507446, -0.127765","Singapore, SG","1.357107, 103.819499",6745.28,344455.24,554228.4812,
7/30/19,2019-07,2019,"Singapore, SG","1.357107, 103.819499","London, UK","51.507446, -0.127765",6745.28,351200.52,565081.6367,
7/31/19,2019-07,2019,"London, UK","51.507446, -0.127765","Prague, CZ","50.087465, 14.421254",641.67,351842.19,566114.0837,
8/4/19,2019-08,2019,"Prague, CZ","50.087465, 14.421254","Amsterdam, NL","52.37308, 4.892453",441.1,352283.29,566823.8136,
8/4/19,2019-08,2019,"Amsterdam, NL","52.37308, 4.892453","Mexico City, MX","19.43263, -99.133178",5726.35,358009.64,576037.5108,
8/9/19,2019-08,2019,"Mexico City, MX","19.43263, -99.133178","Amsterdam, NL","52.37308, 4.892453",5726.35,363735.99,585251.2079,
8/9/19,2019-08,2019,"Amsterdam, NL","52.37308, 4.892453","Berlin, DE","52.517037, 13.38886",358.76,364094.75,585828.4528,
8/19/19,2019-08,2019,"Berlin, DE","52.517037, 13.38886","Istanbul, TR","41.006381, 28.975872",1079.44,365174.19,587565.2717,
8/19/19,2019-08,2019,"Istanbul, TR","41.006381, 28.975872","Shanghai, CN","31.232344, 121.469102",4960.5,370134.69,595546.7162,
8/22/19,2019-08,2019,"Shanghai, CN","31.232344, 121.469102","Istanbul, TR","41.006381, 28.975872",4960.5,375095.19,603528.1607,
8/23/19,2019-08,2019,"Istanbul, TR","41.006381, 28.975872","Berlin, DE","52.517037, 13.38886",1079.44,376174.63,605264.9797,
8/27/19,2019-08,2019,"Berlin, DE","52.517037, 13.38886","Istanbul, TR","41.006381, 28.975872",1079.44,377254.07,607001.7986,
8/27/19,2019-08,2019,"Istanbul, TR","41.006381, 28.975872","Jakarta, ID","-6.175247, 106.827049",5872.45,383126.52,616450.5707,GoJek/Visa
8/30/19,2019-08,2019,"Jakarta, ID","-6.175247, 106.827049","Istanbul, TR","41.006381, 28.975872",5872.45,388998.97,625899.3427,Yasemin
8/31/19,2019-08,2019,"Istanbul, TR","41.006381, 28.975872","Berlin, DE","52.517037, 13.38886",1079.44,390078.41,627636.1617,
9/11/19,2019-09,2019,"Berlin, DE","52.517037, 13.38886","London, UK","51.507446, -0.127765",579.17,390657.58,628568.0462,
9/13/19,2019-09,2019,"London, UK","51.507446, -0.127765","Berlin, DE","52.517037, 13.38886",579.17,391236.75,629499.9308,
9/16/19,2019-09,2019,"Berlin, DE","52.517037, 13.38886","Istanbul, TR","41.006381, 28.975872",1079.44,392316.19,631236.7497,Yasemin
9/20/19,2019-09,2019,"Istanbul, TR","41.006381, 28.975872","Berlin, DE","52.517037, 13.38886",1079.44,393395.63,632973.5687,
9/28/19,2019-09,2019,"Berlin, DE","52.517037, 13.38886","Newark, US","40.735657, -74.172367",3973.06,397368.69,639366.2222,
9/28/19,2019-09,2019,"Newark, US","40.735657, -74.172367","San Francisco, US","37.779259, -122.419329",2556.71,399925.4,643479.9686,
10/5/19,2019-10,2019,"San Francisco, US","37.779259, -122.419329","Zurich, CH","47.374449, 8.541042",5822.49,405747.89,652848.355,
10/6/19,2019-10,2019,"Zurich, CH","47.374449, 8.541042","Berlin, DE","52.517037, 13.38886",416.65,406164.54,653518.7449,
10/11/19,2019-10,2019,"Berlin, DE","52.517037, 13.38886","London, UK","51.507446, -0.127765",579.17,406743.71,654450.6294,
10/11/19,2019-10,2019,"London, UK","51.507446, -0.127765","Hong Kong, HK","22.279328, 114.162813",5981.32,412725.03,664074.5733,
10/12/19,2019-10,2019,"Hong Kong, HK","22.279328, 114.162813","Sydney, AU","-33.869844, 151.208285",4581.29,417306.32,671445.8689,
10/15/19,2019-10,2019,"Sydney, AU","-33.869844, 151.208285","Melbourne, AU","-37.814245, 144.963173",443.02,417749.34,672158.6881,
10/18/19,2019-10,2019,"Melbourne, AU","-37.814245, 144.963173","Bangkok, TH","13.752494, 100.493509",4581.09,422330.43,679529.6619,
10/18/19,2019-10,2019,"Bangkok, TH","13.752494, 100.493509","Istanbul, TR","41.006381, 28.975872",4639.93,426970.36,686995.3092,Yasemin
10/19/19,2019-10,2019,"Istanbul, TR","41.006381, 28.975872","Berlin, DE","52.517037, 13.38886",1079.44,428049.8,688732.1282,
11/5/19,2019-11,2019,"Berlin, DE","52.517037, 13.38886","Vienna, AT","48.208354, 16.372504",325.33,428375.13,689255.5842,
11/6/19,2019-11,2019,"Vienna, AT","48.208354, 16.372504","Berlin, DE","52.517037, 13.38886",325.33,428700.46,689779.0401,
12/4/19,2019-12,2019,"Berlin, DE","52.517037, 13.38886","London, UK","51.507446, -0.127765",579.17,429279.63,690710.9247,
12/5/19,2019-12,2019,"London, UK","51.507446, -0.127765","Berlin, DE","52.517037, 13.38886",579.17,429858.8,691642.8092,
12/10/19,2019-12,2019,"Berlin, DE","52.517037, 13.38886","Amsterdam, NL","52.37308, 4.892453",358.76,430217.56,692220.054,
12/11/19,2019-12,2019,"Amsterdam, NL","52.37308, 4.892453","Berlin, DE","52.517037, 13.38886",358.76,430576.32,692797.2989,
12/19/19,2019-12,2019,"Berlin, DE","52.517037, 13.38886","Vienna, AT","48.208354, 16.372504",325.33,430901.65,693320.7549,
12/19/19,2019-12,2019,"Vienna, AT","48.208354, 16.372504","Chicago, US","41.875562, -87.624421",4685.17,435586.82,700859.1934,
12/19/19,2019-12,2019,"Chicago, US","41.875562, -87.624421","Wichita, US","41.875562, -87.624421",590.67,436177.49,701809.5814,Christmas
12/27/19,2019-12,2019,"Wichita, US","41.875562, -87.624421","Denver, US","39.739236, -104.984862",435.92,436613.41,702510.9767,
12/28/19,2019-12,2019,"Denver, US","39.739236, -104.984862","Frankfurt, DE","50.110644, 8.682092",5042.96,441656.37,710625.0993,
12/28/19,2019-12,2019,"Frankfurt, DE","50.110644, 8.682092","Berlin, DE","52.517037, 13.38886",263.62,441919.99,711049.2639,
1/8/20,2020-01,2020,"Berlin, DE","52.517037, 13.38886","Stockholm, SE","59.325117, 18.071094",503.48,442423.47,711859.3632,Klarna
1/9/20,2020-01,2020,"Stockholm, SE","59.325117, 18.071094","Berlin, DE","52.517037, 13.38886",503.48,442926.95,712669.4626,
1/14/20,2020-01,2020,"Berlin, DE","52.517037, 13.38886","Istanbul, TR","41.006381, 28.975872",1079.44,444006.39,714406.2815,
1/14/20,2020-01,2020,"Istanbul, TR","41.006381, 28.975872","Singapore, SG","1.357107, 103.819499",5374.35,449380.74,723053.6107,Visa Innovation
1/18/20,2020-01,2020,"Singapore, SG","1.357107, 103.819499","Istanbul, TR","41.006381, 28.975872",5374.35,454755.09,731700.9398,Yasemin
1/21/20,2020-01,2020,"Istanbul, TR","41.006381, 28.975872","Lisbon, PT","38.707751, -9.136592",2011.48,456766.57,734937.4111,
1/24/20,2020-01,2020,"Lisbon, PT","38.707751, -9.136592","Istanbul, TR","41.006381, 28.975872",2011.48,458778.05,738173.8825,Yasemin
1/26/20,2020-01,2020,"Istanbul, TR","41.006381, 28.975872","Berlin, DE","52.517037, 13.38886",1079.44,459857.49,739910.7014,
2/12/20,2020-02,2020,"Berlin, DE","52.517037, 13.38886","London, UK","51.507446, -0.127765",579.17,460436.66,740842.5859,
2/20/20,2020-02,2020,"London, UK","51.507446, -0.127765","Berlin, DE","52.517037, 13.38886",579.17,461015.83,741774.4705,
6/7/21,2021-06,2021,"Berlin, DE","52.517037, 13.38886","Frankfurt, DE","50.110644, 8.682092",263.62,461279.45,742198.6351,
6/7/21,2021-06,2021,"Frankfurt, DE","50.110644, 8.682092","Newark, US","40.735657, -74.172367",3860.01,465139.46,748409.3911,
6/11/21,2021-06,2021,"Newark, US","40.735657, -74.172367","Brussels, BE","50.846557, 4.351697",3665.31,468804.77,754306.8749,
6/12/21,2021-06,2021,"Brussels, BE","50.846557, 4.351697","Berlin, DE","52.517037, 13.38886",3665.31,472470.08,760204.3587,
8/26/21,2021-08,2021,"Berlin, DE","52.517037, 13.38886","Tisno, HR",43.798723 | Longitude: 15.641541,611.42,473081.5,761188.1335,"Split festival, holiday"
9/3/21,2021-09,2021,"Dubrovnik, HR","42.648736, 18.09468","Warsaw, PL","52.231958, 21.006725",676.4,473757.9,762276.4611,
9/4/21,2021-09,2021,"Warsaw, PL","52.231958, 21.006725","Berlin, DE","52.517037, 13.38886",320.89,474078.79,762792.7731,
12/9/21,2021-12,2021,"Berlin, DE","52.517037, 13.38886","London, UK","51.507446, -0.127765",579.17,474657.96,763724.6576,
12/12/21,2021-12,2021,"London, UK","51.507446, -0.127765","Berlin, DE","52.517037, 13.38886",579.17,475237.13,764656.5422,
12/25/21,2021-12,2021,"Berlin, DE","52.517037, 13.38886","Frankfurt, DE","50.110644, 8.682092",263.62,475500.75,765080.7067,
12/25/21,2021-12,2021,"Frankfurt, DE","50.110644, 8.682092","Denver, US","39.739236, -104.984862",5042.96,480543.71,773194.8294,
12/25/21,2021-12,2021,"Denver, US","39.739236, -104.984862","Wichita, US","41.875562, -87.624421",435.92,480979.63,773896.2247,Christmas
1/1/22,2022-01,2022,"Wichita, US","41.875562, -87.624421","Houston, US","29.758938, -95.367697",559.07,481538.7,774795.7683,
1/1/22,2022-01,2022,"Houston, US","29.758938, -95.367697","Miami, US","25.774173, -80.19362",966.85,482505.55,776351.43,
4/14/22,2022-04,2022,"Fort Lauderdale, US","26.122308, -80.143379","San Francisco, US","37.779259, -122.419329",2581.52,485087.07,780505.0956,
4/16/22,2022-04,2022,"San Francisco, US","37.779259, -122.419329","Chicago, US","41.875562, -87.624421",1854.5,486941.57,783488.9861,
4/16/22,2022-04,2022,"Chicago, US","41.875562, -87.624421","Fort Lauderdale, US","26.122308, -80.143379",1169.08,488110.65,785370.0359,
4/26/22,2022-04,2022,"Miami, US","25.774173, -80.19362","Munich, DE","48.137108, 11.575382",4990.42,493101.07,793399.6216,
4/27/22,2022-04,2022,"Munich, DE","48.137108, 11.575382","Berlin, DE","52.517037, 13.38886",313.48,493414.55,793904.011,
5/3/22,2022-05,2022,"Berlin, DE","52.517037, 13.38886","Zurich, CH","47.374449, 8.541042",416.65,493831.2,794574.4008,
5/3/22,2022-05,2022,"Zurich, CH","47.374449, 8.541042","Miami, US","25.774173, -80.19362",4872.73,498703.93,802414.6234,
7/13/22,2022-07,2022,"Fort Lauderdale, US","26.122308, -80.143379","Newark, US","40.735657, -74.172367",1065.64,499769.57,804129.2381,
7/13/22,2022-07,2022,"Newark, US","40.735657, -74.172367","Amsterdam, NL","52.37308, 4.892453",3648.35,503417.92,809999.4333,
7/14/22,2022-07,2022,"Amsterdam, NL","52.37308, 4.892453","Brussels, BE","50.846557, 4.351697",108.02,503525.94,810173.2375,
7/19/22,2022-07,2022,"Brussels, BE","50.846557, 4.351697","Berlin, DE","52.517037, 13.38886",404.56,503930.5,810824.1745,
7/25/22,2022-07,2022,"Berlin, DE","52.517037, 13.38886","Newark, US","40.735657, -74.172367",3973.06,507903.56,817216.828,
7/25/22,2022-07,2022,"Newark, US","40.735657, -74.172367","Miami, US","25.774173, -80.19362",1089.62,508993.18,818970.0266,
10/23/22,2022-10,2022,"Miami, US","25.774173, -80.19362","Las Vegas, US","36.1672559,-115.148516",2177.39,511170.57,822473.4471,
11/3/22,2022-11,2022,"San Francisco, US","37.779259, -122.419329","Houston, US","29.758938, -95.367697",1642.43,512813,825116.117,
11/3/22,2022-11,2022,"Houston, US","29.758938, -95.367697","Miami, US","25.774173, -80.19362",966.85,513779.85,826671.7786,
3/7/23,2023-03,2023,"Berlin, DE","52.517037, 13.38886","Newark, US","40.735657, -74.172367",3973.06,517752.91,833064.4322,
3/7/23,2023-03,2023,"Newark, US","40.735657, -74.172367","Miami, US","25.774173, -80.19362",1089.62,518842.53,834817.6308,
6/4/23,2023-06,2023,"Miami, US","25.774173, -80.19362","Frankfurt, DE","50.110644, 8.682092",4824,523666.53,842579.4468,
6/5/23,2023-06,2023,"Frankfurt, DE","50.110644, 8.682092","Berlin, DE","52.517037, 13.38886",263.62,523930.15,843003.6113,
6/13/23,2023-06,2023,"Berlin, DE","52.517037, 13.38886","Washington DC, US","38.895037, -77.036543",4169.77,528099.92,849712.7713,
6/13/23,2023-06,2023,"Washington DC, US","38.895037, -77.036543","Fort Lauderdale, US","26.122308, -80.143379",900.59,529000.51,851161.8206,
8/11/23,2023-08,2023,"Miami, US","25.774173, -80.19362","Atlanta, US","33.748992, -84.390264",605.52,529606.03,852136.1023,
8/12/23,2023-08,2023,"Atlanta, US","33.748992, -84.390264","Amsterdam, NL","52.37308, 4.892453",4386.72,533992.75,859194.3347,
8/15/23,2023-08,2023,"Amsterdam, NL","52.37308, 4.892453","London, UK","51.507446, -0.127765",222.01,534214.76,859551.5488,
8/17/23,2023-08,2023,"London, UK","51.507446, -0.127765","Berlin, DE","52.517037, 13.38886",579.17,534793.93,860483.4334,
8/23/23,2023-08,2023,"Berlin, DE","52.517037, 13.38886","London, UK","51.507446, -0.127765",579.17,535373.1,861415.3179,
8/23/23,2023-08,2023,"London, UK","51.507446, -0.127765","Berlin, DE","52.517037, 13.38886",579.17,535952.27,862347.2024,
9/7/23,2023-09,2023,"Berlin, DE","52.517037, 13.38886","Chișinău, MD","47.024512, 28.832292",785.91,536738.18,863611.7316,Iren's mom
9/10/23,2023-09,2023,"Berlin, DE","52.517037, 13.38886","Istanbul, TR","41.006381, 28.975872",1073.4,537811.58,865338.8322,
9/10/23,2023-09,2023,"Istanbul, TR","41.006381, 28.975872","Tbilisi, GE","41.693459, 44.80145",830.8,538642.38,866675.5894,Monite offsite
9/14/23,2023-09,2023,"Tbilisi, GE","41.693459, 44.80145","Paris, FR","48.85889, 2.320041",2093.45,540735.83,870043.9505,
9/14/23,2023-09,2023,"Paris, FR","48.85889, 2.320041","Miami, US","25.774173, -80.19362",4570.58,545306.41,877398.0137,
11/1/23,2023-11,2023,"Miami, US","25.774173, -80.19362","Denver, US","39.739236, -104.984862",1724.22,547030.63,880172.2837,
11/4/23,2023-11,2023,"Denver, US","39.739236, -104.984862","Fort Lauderdale, US","26.122308, -80.143379",1711.21,548741.84,882925.6206,
12/19/23,2023-12,2023,"Miami, US","25.774173, -80.19362","Houston, US","29.758938, -95.367697",966.85,549708.69,884481.2822,
12/19/23,2023-12,2023,"Houston, US","29.758938, -95.367697","Wichita, US","41.875562, -87.624421",559.07,550267.76,885380.8258,
12/25/23,2023-12,2023,"Wichita, US","41.875562, -87.624421","Houston, US","29.758938, -95.367697",559.07,550826.83,886280.3695,
12/25/23,2023-12,2023,"Houston, US","29.758938, -95.367697","Fort Lauderdale, US","26.122308, -80.143379",961.87,551788.7,887828.0183,
12/29/23,2023-12,2023,"Miami, US","25.774173, -80.19362","Frankfurt, DE","50.110644, 8.682092",4824,556612.7,895589.8343,
12/30/23,2023-12,2023,"Frankfurt, DE","50.110644, 8.682092","Berlin, DE","52.517037, 13.38886",263.62,556876.32,896013.9989,
1/17/24,2024-01,2024,"Berlin, DE","52.517037, 13.38886","London, UK","51.507446, -0.127765",579.17,557455.49,896945.8834,
1/18/24,2024-01,2024,"London, UK","51.507446, -0.127765","Berlin, DE","52.517037, 13.38886",579.17,558034.66,897877.7679,
2/4/24,2024-02,2024,"Berlin, DE","52.517037, 13.38886","Munich, DE","48.137108, 11.575382",313.48,558348.14,898382.1573,
2/4/24,2024-02,2024,"Munich, DE","48.137108, 11.575382","Miami, US","25.774173, -80.19362",4990.42,563338.56,906411.743,
2/14/24,2024-02,2024,"Miami, US","25.774173, -80.19362","Denver, US","39.739236, -104.984862",1724.22,565062.78,909186.013,
2/18/24,2024-02,2024,"Denver, US","39.739236, -104.984862","Miami, US","25.774173, -80.19362",1724.22,566787,911960.283,
3/7/24,2024-03,2024,"Fort Lauderdale, US","26.122308, -80.143379","Portland, US","45.520247, -122.674194",2691.13,569478.13,916290.3112,
3/12/24,2024-03,2024,"Portland, US","45.520247, -122.674194","Fort Lauderdale, US","26.122308, -80.143379",2691.13,572169.26,920620.3393,
4/1/24,2024-04,2024,"Miami, US","25.774173, -80.19362","Munich, DE","48.137108, 11.575382",313.48,572482.74,921124.7287,
4/2/24,2024-04,2024,"Munich, DE","48.137108, 11.575382","Berlin, DE","52.517037, 13.38886",4990.42,577473.16,929154.3144,
4/21/24,2024-04,2024,"Berlin, DE","52.517037, 13.38886","Newark, US","40.735657, -74.172367",3973.06,581446.22,935546.968,
4/21/24,2024-04,2024,"Newark, US","40.735657, -74.172367","Miami, US","25.774173, -80.19362",1089.62,582535.84,937300.1666,
4/23/24,2024-04,2024,"Miami, US","25.774173, -80.19362","Newark, US","40.735657, -74.172367",1089.62,583625.46,939053.3651,
4/25/24,2024-04,2024,"Newark, US","40.735657, -74.172367","Berlin, DE","52.517037, 13.38886",3973.06,587598.52,945446.0187,
5/7/24,2024-05,2024,"Berlin, DE","52.517037, 13.38886","Frankfurt, DE","50.110644, 8.682092",263.62,587862.14,945870.1833,
5/7/24,2024-05,2024,"Frankfurt, DE","50.110644, 8.682092","Miami, US","25.774173, -80.19362",4824,592686.14,953631.9993,
5/18/24,2024-05,2024,"Fort Lauderdale, US","26.122308, -80.143379","St. Louis, US","38.6280278,-90.1910154",1042.95,593729.09,955310.1058,
5/18/24,2024-05,2024,"St. Louis, US","38.6280278,-90.1910154","Wichita, US","41.875562, -87.624421",392.99,594122.08,955942.4267,
5/21/24,2024-05,2024,"Wichita, US","41.875562, -87.624421","St. Louis, US","38.6280278,-90.1910154",392.99,594515.07,956574.7476,
5/21/24,2024-05,2024,"St. Louis, US","38.6280278,-90.1910154","Miami, US","25.774173, -80.19362",1061.94,595577.01,958283.4091,
6/5/24,2024-06,2024,"Wichita, US","41.875562, -87.624421","Denver, US","39.739236, -104.984862",435.92,596012.93,958984.8044,
6/5/24,2024-06,2024,"Denver, US","39.739236, -104.984862","Miami, US","25.774173, -80.19362",724.22,596737.15,960150.0743,
6/19/24,2024-06,2024,"Miami, US","25.774173, -80.19362","London, UK","51.507446, -0.127765",4428.04,601165.19,967274.7907,
6/20/24,2024-06,2024,"London, UK","51.507446, -0.127765","Berlin, DE","52.517037, 13.38886",579.17,601744.36,968206.6752,
7/24/24,2024-07,2024,"Berlin, DE","52.517037, 13.38886","Lisbon, PT","38.707751, -9.136592",1437.71,603182.07,970519.9506,
7/24/24,2024-07,2024,"Lisbon, PT","38.707751, -9.136592","Miami, US","25.774173, -80.19362",4145.52,607327.59,977190.0923,
8/26/24,2024-08,2024,"Miami, US","25.7741566,-80.1935973","Dallas, US","32.7762719,-96.7968559",1109.54,608437.13,978975.3422,
8/26/24,2024-08,2024,"Dallas, US","32.7762719,-96.7968559","Midland, US","31.83688,-102.0103767",312.82,608749.95,979478.6695,Hut8 visit
8/30/24,2024-08,2024,"Midland, US","31.83688,-102.0103767","Dallas, US","32.7762719,-96.7968559",312.82,609062.77,979981.9969,
8/30/24,2024-08,2024,"Dallas, US","32.7762719,-96.7968559","Miami, US","25.7741566,-80.1935973",1109.54,610172.31,981767.2468,
12/19/24,2024-12,2024,"Miami, US","25.7741566,-80.1935973","Atlanta, US","33.7489924,-84.3902644",605.52,610777.83,982741.5285,
12/19/24,2024-12,2024,"Atlanta, US","33.7489924,-84.3902644","St. Louis, US","38.6280278,-90.1910154",467.43,611245.26,983493.6233,
12/19/24,2024-12,2024,"St. Louis, US","38.6280278,-90.1910154","Wichita, US","41.875562, -87.624421",392.99,611638.25,984125.9443,Christmas
12/24/24,2024-12,2024,"Wichita, US","41.875562, -87.624421","St. Louis, US","38.6280278,-90.1910154",392.99,612031.24,984758.2652,
12/24/24,2024-12,2024,"St. Louis, US","38.6280278,-90.1910154","Miami, US","25.7741566,-80.1935973",1061.94,613093.18,986466.9266,
01/30/25,2025-01,2025,"Miami, US","25.7741566,-80.1935973","London, UK","51.507446, -0.127765",1730.89,614824.07,989251.9286,
01/30/25,2025-01,2025,"London, UK","51.507446, -0.127765","Berlin, DE","52.517037, 13.38886",2399.84,617223.91,993113.2712,"No good reason, fake appointment"
02/13/25,2025-02,2025,"Berlin, DE","52.517037, 13.38886","London, UK","51.507446, -0.127765",3068.79,620292.7,998050.9543,
02/13/25,2025-02,2025,"London, UK","51.507446, -0.127765","Miami, US","25.7741566,-80.1935973",3737.74,624030.44,1004064.978,
03/25/25,2025-03,2025,"Miami, US","25.774173, -80.19362","Frankfurt, DE","50.110644, 8.682092",4824,628854.44,1011826.794,
03/26/25,2025-03,2025,"Frankfurt, DE","50.110644, 8.682092","Sofia, BG","42.6977028,23.3217359",863.18,629717.62,1013215.651,Payhawk visit
03/28/25,2025-03,2025,"Sofia, BG","42.6977028,23.3217359","Istanbul, TR","41.006381, 28.975872",313.03,630030.65,1013719.316,
03/28/25,2025-03,2025,"Istanbul, TR","41.006381, 28.975872","Miami, US","25.774173, -80.19362",5971.86,636002.51,1023328.039,
04/09/25,2025-04,2025,"Miami, US","25.774173, -80.19362","Barcelona, ES","41.382894, 2.177432",4687,640689.51,1030869.422,Leadership offsite
04/14/25,2025-04,2025,"Barcelona, ES","41.382894, 2.177432","New York City, US","40.7127281,-74.0060152",3831.25,644520.76,1037033.903,Payhawk visit
04/16/25,2025-04,2025,"New York City, US","40.7127281,-74.0060152","Miami, US","25.774173, -80.19362",1091.51,645612.27,1038790.142,
04/23/25,2025-04,2025,"Miami, US","25.774173, -80.19362","Frankfurt, DE","50.110644, 8.682092",4824,650436.27,1046551.958,
04/24/25,2025-04,2025,"Frankfurt, DE","50.110644, 8.682092","Sofia, BG","42.6977028,23.3217359",863.18,651299.45,1047940.815,Payhawk visit
04/30/25,2025-04,2025,"Sofia, BG","42.6977028,23.3217359","London, UK","51.507446, -0.127765",1251.76,652551.21,1049954.897,Payhawk visit
05/03/25,2025-05,2025,"London, UK","51.507446, -0.127765","Vilnius, LH","54.68475341796875,25.289478302001953",833.33,653384.54,1051295.725,Payhawk visit
05/07/25,2025-05,2025,"Vilnius, LH","54.68475341796875,25.289478302001953","Frankfurt, DE","50.110644, 8.682092",765.57,654150.11,1052527.527,
05/07/25,2025-05,2025,"Frankfurt, DE","50.110644, 8.682092","Sofia, BG","42.6977028,23.3217359",863.18,655013.29,1053916.384,Payhawk visit
05/29/25,2025-05,2025,"Sofia, BG","42.6977028,23.3217359","Zurich, CH","47.374449, 8.541042",789.31,655802.6,1055186.383,
05/29/25,2025-05,2025,"Zurich, CH","47.374449, 8.541042","Miami, US","25.774173, -80.19362",4872.73,660675.33,1063026.606,
06/25/25,2025-06,2025,"Miami, US","25.774173, -80.19362","London, UK","51.507446, -0.127765",4428.04,665103.37,1070151.322,
06/26/25,2025-06,2025,"London, UK","51.507446, -0.127765","Thessaloniki, GR","40.6403167,22.9352716",1327.57,666430.94,1072287.382,Leadership offsite
07/17/25,2025-07,2025,"Sofia, BG","42.6977028,23.3217359","Zurich, CH","47.374449, 8.541042",789.31,667220.25,1073557.382,
07/18/25,2025-07,2025,"Zurich, CH","47.374449, 8.541042","Frankfurt, DE","50.110644, 8.682092",189.55,667409.8,1073862.368,"Missed connection, stayed night in Zurich"
07/18/25,2025-07,2025,"Frankfurt, DE","50.110644, 8.682092","Miami, US","25.774173, -80.19362",4824,672233.8,1081624.184,
07/23/25,2025-07,2025,"Miami, US","25.774173, -80.19362","Minneapolis, US","44.9772995,-93.2654692",1512.88,673746.68,1084058.408,US Bank
07/25/25,2025-07,2025,"Minneapolis, US","44.9772995,-93.2654692","Miami, US","25.774173, -80.19362",1512.88,675259.56,1086492.632,
08/17/25,2025-08,2025,"Miami, US","25.774173, -80.19362","Frankfurt, DE","50.110644, 8.682092",4824,680083.56,1094254.448,
08/18/25,2025-08,2025,"Frankfurt, DE","50.110644, 8.682092","Sofia, BG","42.6977028,23.3217359",863.18,680946.74,1095643.305,Payhawk visit
09/01/25,2025-09,2025,"Sofia, BG","42.6977028,23.3217359","Frankfurt, DE","50.110644, 8.682092",863.18,681809.92,1097032.161,
09/05/25,2025-09,2025,"Frankfurt, DE","50.110644, 8.682092","New York City, US","40.7127281,-74.0060152",3854.1,685664.02,1103233.408,"Payhawk NYC, Finovate"
09/09/25,2025-09,2025,"New York City, US","40.7127281,-74.0060152","Miami, US","25.774173, -80.19362",1091.51,686755.53,1104989.648,
10/01/25,2025-10,2025,"Miami, US","25.774173, -80.19362","New York City, US","40.7127281,-74.0060152",1091.51,687847.04,1106745.887,MC workshop
10/02/25,2025-10,2025,"New York City, US","40.7127281,-74.0060152","Miami, US","25.774173, -80.19362",1091.51,688938.55,1108502.127,
10/08/25,2025-10,2025,"Miami, US","25.774173, -80.19362","Frankfurt, DE","50.110644, 8.682092",4824,693762.55,1116263.943,
10/09/25,2025-10,2025,"Frankfurt, DE","50.110644, 8.682092","Sofia, BG","42.6977028,23.3217359",863.18,694625.73,1117652.8,Payhawk visit
10/23/25,2025-10,2025,"Sofia, BG","42.6977028,23.3217359","Munich, DE","48.137108, 11.575382",681.43,695307.16,1118749.22,
10/23/25,2025-10,2025,"Munich, DE","48.137108, 11.575382","Luxembourgh, LU","49.8158683,6.1296751",267.65,695574.81,1119179.869,Lux banking license / EMI
10/24/25,2025-10,2025,"Luxembourgh, LU","49.8158683,6.1296751","Nice, FR","43.7009358,7.2683912",411.64,695986.45,1119842.198,Leadership offsite
10/28/25,2025-10,2025,"Nice, FR","43.7009358,7.2683912","Paris, FR","48.8534951,2.3483915",426.27,696412.72,1120528.066,Payhawk board/event
10/31/25,2025-10,2025,"Paris, FR","48.8534951,2.3483915","Miami, FL","25.774173, -80.19362",4570.58,700983.3,1127882.13,
11/11/25,2025-11,2026,"Miami, US","25.774173, -80.19362","New York City, US","40.7127281,-74.0060152",1091.51,702074.81,1129638.369,FATE conference
11/14/25,2025-11,2025,"New York City, US","40.7127281,-74.0060152","Miami, US","25.774173, -80.19362",1091.51,703166.32,1131394.609,
11/19/25,2025-11,2025,"Miami, US","25.774173, -80.19362","Frankfurt, DE","50.110644, 8.682092",4824,707990.32,1139156.425,
11/20/25,2025-11,2025,"Frankfurt, DE","50.110644, 8.682092","Berlin, DE","52.517037, 13.38886",263.62,708253.94,1139580.589,Apartment move
11/24/25,2025-11,2025,"Berlin, DE","52.517037, 13.38886","Vienna, AT","48.208354, 16.372504",325.33,708579.27,1140104.045,Language test
11/24/25,2025-11,2025,"Vienna, AT","48.208354, 16.372504","Sofia, BG","42.6977028,23.3217359",508.16,709087.43,1140921.675,
12/02/25,2025-12,2025,"Sofia, BG","42.6977028,23.3217359","Warsaw, PL","52.231958, 21.006725",667.78,709755.21,1141996.133,
12/02/25,2025-12,2027,"Warsaw, PL","52.231958, 21.006725","Vilnius, LH","54.68475341796875,25.289478302001953",244.11,709999.32,1142388.906,
12/06/25,2025-12,2025,"Vilnius, LH","54.68475341796875,25.289478302001953","Helsinki, FI","60.1666204,24.9435408",378.87,710378.19,1142998.508,Holiday party
12/06/25,2025-12,2025,"Helsinki, FI","60.1666204,24.9435408","Miami, FL","25.774173, -80.19362",5175.99,715554.18,1151326.676,
1/13/26,2026-01,2026,"Miami, US","25.774173, -80.19362","Frankfurt, DE","50.110644, 8.682092",4824,720378.18,1159088.492,
1/14/26,2026-01,2026,"Frankfurt, DE","50.110644, 8.682092","Berlin, DE","52.517037, 13.38886",263.62,720641.8,1159512.656,
1/15/26,2026-01,2026,"Berlin, DE","52.517037, 13.38886","Sofia, BG","42.6977028,23.3217359",819.51,721461.31,1160831.248,
2/5/26,2026-02,2026,"Sofia, BG","42.6977028,23.3217359","Frankfurt, DE","50.110644, 8.682092",863.18,722324.49,1162220.104,
2/5/26,2026-02,2026,"Frankfurt, DE","50.110644, 8.682092","Miami, US","25.774173, -80.19362",4824,727148.49,1169981.92,
04/20/26,2026-04,2026,"Miami, US","25.774173, -80.19362","Frankfurt, DE","50.110644, 8.682092",4824,731972.49,1177743.736,
04/21/26,2026-04,2026,"Frankfurt, DE","50.110644, 8.682092","Sofia, BG","42.6977028,23.3217359",863.18,732835.67,1179132.593,
04/29/26,2026-04,2026,"Sofia, BG","42.6977028,23.3217359","Istanbul, TR","41.006381,28.9758715",313.03,733148.7,1179636.258,
04/30/26,2026-04,2026,"Istanbul, TR","41.006381,28.9758715","Sofia, BG","42.6977028,23.3217359",313.03,733461.73,1180139.924,
05/08/26,2026-05,2026,"Sofia, BG","42.6977028,23.3217359","Frankfurt, DE","50.110644, 8.682092",863.18,734324.91,1181528.78,
05/08/26,2026-05,2026,"Frankfurt, DE","50.110644, 8.682092","Miami, US","25.774173, -80.19362",4824,739148.91,1189290.596,
05/14/26,2026-05,2026,"Miami, US","25.774173, -80.19362","New York City, US","40.7127281,-74.0060152",1091.51,740240.42,1191046.836,
05/17/26,2026-05,2026,"New York City, US","40.7127281,-74.0060152","Boston, US","42.3588336,-71.0578303",190.21,740430.63,1191352.884,
05/22/26,2026-05,2026,"Boston, US","42.3588336,-71.0578303","Miami, US","25.774173, -80.19362",1257.63,741688.26,1193376.41,
06/27/26,2026-06,2026,"Miami, US","25.774173, -80.19362","Warsaw, PL","52.231958, 21.006725",5272.77,746961.03,1201860.297,
06/28/26,2026-06,2026,"Warsaw, PL","52.231958, 21.006725","Sofia, BG","42.6977028,23.3217359",667.78,747628.81,1202934.755,
07/17/26,2026-07,2026,"Sofia, BG","42.6977028,23.3217359","Frankfurt, DE","50.110644, 8.682092",863.18,748491.99,1204323.612,
07/17/26,2026-07,2026,"Frankfurt, DE","50.110644, 8.682092","Miami, US","25.774173, -80.19362",4824,753315.99,1212085.428,
08/30/26,2026-08,2026,"Fort Lauderdale, US","26.122308, -80.143379","Newark, US","40.735657, -74.172367",1065.64,754381.63,1213800.043,
09/02/26,2026-09,2026,"Newark, US","40.735657, -74.172367","Fort Lauderdale, US","26.122308, -80.143379",1065.64,755447.27,1215514.657,
10/09/26,2026-10,2026,"Miami, US","25.774173, -80.19362","Houston, US","40.741895,-73.989308",966.85,756414.12,1217070.319,
10/09/26,2026-10,2026,"Houston, US","40.741895,-73.989308","Portland, US","45.5202471,-122.674194",1833.77,758247.89,1220020.855,
10/11/26,2026-10,2026,"Portland, US","45.5202471,-122.674194","Amsterdam, NL","52.3730796,4.8924534",4994.75,763242.64,1228057.408,
10/12/26,2026-10,2026,"Amsterdam, NL","52.3730796,4.8924534","Sofia, BG","42.6977028,23.3217359",1083.99,764326.63,1229801.548,
,1899-12,2026,,,,,,764326.63,1229801.548,
,1899-12,2026,,,,,,764326.63,1229801.548,
,,,,,,,,,,
,,,,,,,,,,
,,,,,,,,,,
,,,,,,,,https://www.gps-coordinates.net/,,
,,,,,,,,https://www.distancecalculator.net/,,